{
  "name": "Fraction",
  "keywords": "Fraction, quotient, math, nominator, denominator",
  "description": "Arduino library to implement a Fraction datatype. Nominator and denominator are limited to 4 digits. Experimental.",
  "authors":
  [
    {
      "name": "Rob Tillaart",
      "email": "Rob.Tillaart@gmail.com",
      "maintainer": true
    }
  ],
  "repository":
  {
    "type": "git",
    "url": "https://github.com/RobTillaart/Fraction.git"
  },
  "version":"0.1.10",
  "frameworks": "arduino",
  "platforms": "*"
}
