{
  "name": "Angle",
  "keywords": "Angle,convert,seconds,minutes,hours,degrees,radians",
  "description": "Library to convert between floating point angle to minutes hours representation.",
  "authors":
  [
    {
      "name": "Rob Tillaart",
      "email": "Rob.Tillaart@gmail.com",
      "maintainer": true
    },
    {
      "name": "Christopher Andrews",
      "email": "-",
      "maintainer": false
    }
  ],
  "repository":
  {
    "type": "git",
    "url": "https://github.com/RobTillaart/Angle.git"
  },
  "version":"0.1.8",
  "frameworks": "arduino",
  "platforms": "*"
}
